2026-08-20T02:12:33.906887,REGN,action=SKIPPED,note=notional_too_small_for_1_share
2026-08-20T02:12:33.967936,longs=AVGO|CSCO|KLAC|AMAT|APH|ETN|PANW|DE|ORCL|LRCX,shorts=ACN|INTU|NOW|REGN|MSFT|CRM|AMGN|MRK|BSX|ADBE
2026-08-24T15:10:36.438594,REGN,action=SKIPPED,note=notional_too_small_for_1_share
2026-08-24T15:10:36.502082,longs=KLAC|LRCX|MU|AMAT|APH|ETN|AMD|TXN|CAT|WMT,shorts=NOW|CRM|MSFT|ACN|REGN|INTU|TGT|ORCL|ADBE|CMCSA
2026-08-31T20:16:07.306942,VRTX,action=SKIPPED,note=notional_too_small_for_1_share
2026-08-31T20:16:07.307093,longs=LLY|BKNG|LOW|ABT|AMAT|TGT|TJX|UBER|KO|REGN,shorts=CRM|NOW|TSLA|ADBE|MU|QCOM|PANW|ORCL|ACN|VRTX
2026-09-07T18:48:50.041304,MU,action=SKIPPED,note=notional_too_small_for_1_share
2026-09-07T18:48:50.093629,VRTX,action=SKIPPED,note=notional_too_small_for_1_share
2026-09-07T18:48:50.093998,DE,action=SKIPPED,note=notional_too_small_for_1_share
2026-09-07T18:48:50.176118,longs=APH|PANW|ADBE|SYK|INTU|LMT|BKNG|UNP|RTX|PM,shorts=CRM|NOW|MRK|GILD|MU|COP|VRTX|DE|TGT|TSLA
2026-09-14T19:32:13.453823,META,action=SKIPPED,note=notional_too_small_for_1_share
2026-09-14T19:32:13.454195,DE,action=SKIPPED,note=notional_too_small_for_1_share
2026-09-14T19:32:13.581486,longs=AMGN|LRCX|ORCL|BKNG|MU|KLAC|NVDA|SYK|AMAT|CMCSA,shorts=CRM|NOW|META|DE|AAPL|COP|QCOM|ACN|MO|T
2026-09-21T19:39:29.832186,META,action=SKIPPED,note=notional_too_small_for_1_share
2026-09-21T19:39:29.832576,AMD,action=SKIPPED,note=notional_too_small_for_1_share
2026-09-21T19:39:29.832868,DE,action=SKIPPED,note=notional_too_small_for_1_share
2026-09-21T19:39:29.853815,MU,action=SKIPPED,note=notional_too_small_for_1_share
2026-09-21T19:39:29.864062,longs=INTU|CRM|NFLX|IBM|CMCSA|VZ|COP|ADBE|UNP|CI,shorts=META|AMD|QCOM|DE|AAPL|TSLA|ISRG|MU|PANW|NOW
2026-09-28T20:40:10.278055,AMD,action=SKIPPED,note=notional_too_small_for_1_share
2026-09-28T20:40:10.278446,META,action=SKIPPED,note=notional_too_small_for_1_share
2026-09-28T20:40:10.278702,MU,action=SKIPPED,note=notional_too_small_for_1_share
2026-09-28T20:40:10.278980,DE,action=SKIPPED,note=notional_too_small_for_1_share
2026-09-28T20:40:10.279225,TMO,action=SKIPPED,note=notional_too_small_for_1_share
2026-09-28T20:40:10.332531,longs=INTU|ORCL|BA|SCHW|ADBE|WFC|ACN|MCD|REGN|NFLX,shorts=AMD|META|QCOM|ISRG|MU|DE|TMO|AAPL|WMT|ADI
2026-10-05T21:34:13.320852,AMD,action=SKIPPED,note=notional_too_small_for_1_share
2026-10-05T21:34:13.321067,AMAT,action=SKIPPED,note=notional_too_small_for_1_share
2026-10-05T21:34:13.364165,META,action=SKIPPED,note=notional_too_small_for_1_share
2026-10-05T21:34:13.475327,MU,action=SKIPPED,note=notional_too_small_for_1_share
2026-10-05T21:34:13.475383,longs=BMY|JNJ|MRK|GILD|VRTX|PFE|LOW|BSX|GE|AMGN,shorts=AMD|AMAT|PANW|META|KLAC|LRCX|ADI|TXN|MU|ISRG
